<?xml version="1.0" encoding="UTF-8"?>
<project-private xmlns="http://www.netbeans.org/ns/project-private/1">
    <editor-bookmarks xmlns="http://www.netbeans.org/ns/editor-bookmarks/2" lastBookmarkId="0"/>
    <open-files xmlns="http://www.netbeans.org/ns/projectui-open-files/2">
        <group>
            <file>file:/C:/Users/alesj/Desktop/ProyectoEXTRA/web/PaisesEnfer/CoreaS.jsp</file>
            <file>file:/C:/Users/alesj/Desktop/ProyectoEXTRA/web/img/google-plus.png</file>
            <file>file:/C:/Users/alesj/Desktop/ProyectoEXTRA/web/PaisesEnfer/Russia.jsp</file>
            <file>file:/C:/Users/alesj/Desktop/ProyectoEXTRA/src/java/Servlet/registrarusuarios.java</file>
            <file>file:/C:/Users/alesj/Desktop/ProyectoEXTRA/web/img/contact.png</file>
            <file>file:/C:/Users/alesj/Desktop/ProyectoEXTRA/web/css/perfil.css</file>
            <file>file:/C:/Users/alesj/Desktop/ProyectoEXTRA/web/formularioD.jsp</file>
            <file>file:/C:/Users/alesj/Desktop/ProyectoEXTRA/web/img/OIP.jpg</file>
            <file>file:/C:/Users/alesj/Desktop/ProyectoEXTRA/web/actualizar.jsp</file>
            <file>file:/C:/Users/alesj/Desktop/ProyectoEXTRA/web/borradoerror.jsp</file>
            <file>file:/C:/Users/alesj/Desktop/ProyectoEXTRA/web/PaisesEnfer/Brasil.jsp</file>
            <file>file:/C:/Users/alesj/Desktop/ProyectoEXTRA/web/PaisesEnfer/img/Alemania.png</file>
            <file>file:/C:/Users/alesj/Desktop/ProyectoEXTRA/web/PaisesEnfer/China.jsp</file>
            <file>file:/C:/Users/alesj/Desktop/ProyectoEXTRA/web/resTests.jsp</file>
            <file>file:/C:/Users/alesj/Desktop/ProyectoEXTRA/web/FormConecD.jsp</file>
            <file>file:/C:/Users/alesj/Desktop/ProyectoEXTRA/web/css/estilos.css</file>
            <file>file:/C:/Users/alesj/Desktop/ProyectoEXTRA/web/img/smartphone.png</file>
            <file>file:/C:/Users/alesj/Desktop/ProyectoEXTRA/src/java/Controlador/consultas.java</file>
            <file>file:/C:/Users/alesj/Desktop/ProyectoEXTRA/web/formulario.jsp</file>
            <file>file:/C:/Users/alesj/Desktop/ProyectoEXTRA/web/borradoexitoso.jsp</file>
            <file>file:/C:/Users/alesj/Desktop/ProyectoEXTRA/web/resTestsHIPER.jsp</file>
            <file>file:/C:/Users/alesj/Desktop/ProyectoEXTRA/web/nousuario.jsp</file>
            <file>file:/C:/Users/alesj/Desktop/ProyectoEXTRA/web/iniciosesionerror.jsp</file>
            <file>file:/C:/Users/alesj/Desktop/ProyectoEXTRA/web/index.jsp</file>
            <file>file:/C:/Users/alesj/Desktop/ProyectoEXTRA/src/java/Servlet/cerrarsesionservlet.java</file>
            <file>file:/C:/Users/alesj/Desktop/ProyectoEXTRA/web/PaisesEnfer/Mexico.jsp</file>
            <file>file:/C:/Users/alesj/Desktop/ProyectoEXTRA/web/img/R0b86cf33d5f6bbb03e6e3881e7f140d6.jpg</file>
            <file>file:/C:/Users/alesj/Desktop/ProyectoEXTRA/web/registroregistrado.jsp</file>
            <file>file:/C:/Users/alesj/Desktop/ProyectoEXTRA/web/css/paginaprincipal.css</file>
            <file>file:/C:/Users/alesj/Desktop/ProyectoEXTRA/web/img/Borrar.png</file>
            <file>file:/C:/Users/alesj/Desktop/ProyectoEXTRA/web/registro.jsp</file>
            <file>file:/C:/Users/alesj/Desktop/ProyectoEXTRA/web/css/formularios.css</file>
            <file>file:/C:/Users/alesj/Desktop/ProyectoEXTRA/web/resTestsD.jsp</file>
            <file>file:/C:/Users/alesj/Desktop/ProyectoEXTRA/web/img/instagram.png</file>
            <file>file:/C:/Users/alesj/Desktop/ProyectoEXTRA/web/PaisesEnfer/Australia.jsp</file>
            <file>file:/C:/Users/alesj/Desktop/ProyectoEXTRA/web/PaisesEnfer/img/China.png</file>
            <file>file:/C:/Users/alesj/Desktop/ProyectoEXTRA/web/actuexitosa.jsp</file>
            <file>file:/C:/Users/alesj/Desktop/ProyectoEXTRA/web/img/5e71213e25bcf.jpg</file>
            <file>file:/C:/Users/alesj/Desktop/ProyectoEXTRA/web/perfil.jsp</file>
            <file>file:/C:/Users/alesj/Desktop/ProyectoEXTRA/web/img/Actualizar.png</file>
            <file>file:/C:/Users/alesj/Desktop/ProyectoEXTRA/web/registroerror.jsp</file>
            <file>file:/C:/Users/alesj/Desktop/ProyectoEXTRA/web/FormConec.jsp</file>
            <file>file:/C:/Users/alesj/Desktop/ProyectoEXTRA/web/registroexitoso.jsp</file>
            <file>file:/C:/Users/alesj/Desktop/ProyectoEXTRA/web/PaisesEnfer/Canada.jsp</file>
            <file>file:/C:/Users/alesj/Desktop/ProyectoEXTRA/web/PaisesEnfer/EUA.jsp</file>
            <file>file:/C:/Users/alesj/Desktop/ProyectoEXTRA/web/FormConecHIPER.jsp</file>
            <file>file:/C:/Users/alesj/Desktop/ProyectoEXTRA/web/formularioHIPER.jsp</file>
            <file>file:/C:/Users/alesj/Desktop/ProyectoEXTRA/web/img/Sistema.png</file>
            <file>file:/C:/Users/alesj/Desktop/ProyectoEXTRA/web/menu.jsp</file>
            <file>file:/C:/Users/alesj/Desktop/ProyectoEXTRA/src/java/Controlador/conexion.java</file>
            <file>file:/C:/Users/alesj/Desktop/ProyectoEXTRA/src/java/Servlet/borrarusuario.java</file>
            <file>file:/C:/Users/alesj/Desktop/ProyectoEXTRA/web/actuerror.jsp</file>
            <file>file:/C:/Users/alesj/Desktop/ProyectoEXTRA/web/img/facebook.png</file>
            <file>file:/C:/Users/alesj/Desktop/ProyectoEXTRA/web/img/twitter.png</file>
            <file>file:/C:/Users/alesj/Desktop/ProyectoEXTRA/web/PaisesEnfer/Alemania.jsp</file>
            <file>file:/C:/Users/alesj/Desktop/ProyectoEXTRA/web/borrar.jsp</file>
            <file>file:/C:/Users/alesj/Desktop/ProyectoEXTRA/web/img/tumblr.png</file>
        </group>
    </open-files>
</project-private>
