<?xml version="1.0" encoding="UTF-8"?>
<project-private xmlns="http://www.netbeans.org/ns/project-private/1">
    <editor-bookmarks xmlns="http://www.netbeans.org/ns/editor-bookmarks/2" lastBookmarkId="0"/>
    <open-files xmlns="http://www.netbeans.org/ns/projectui-open-files/2">
        <group>
            <file>file:/C:/Users/alesj/OneDrive/Documentos/NetBeansProjects/ProyectoEXTRA/web/css/paginaprincipal.css</file>
            <file>file:/C:/Users/alesj/OneDrive/Documentos/NetBeansProjects/ProyectoEXTRA/web/perfil.jsp</file>
            <file>file:/C:/Users/alesj/OneDrive/Documentos/NetBeansProjects/ProyectoEXTRA/web/resTestsHIPER.jsp</file>
            <file>file:/C:/Users/alesj/OneDrive/Documentos/NetBeansProjects/ProyectoEXTRA/web/css/estilos.css</file>
            <file>file:/C:/Users/alesj/OneDrive/Documentos/NetBeansProjects/ProyectoEXTRA/web/registroerror.jsp</file>
            <file>file:/C:/Users/alesj/OneDrive/Documentos/NetBeansProjects/ProyectoEXTRA/src/java/Controlador/conexion.java</file>
            <file>file:/C:/Users/alesj/OneDrive/Documentos/NetBeansProjects/ProyectoEXTRA/web/FormConecD.jsp</file>
            <file>file:/C:/Users/alesj/OneDrive/Documentos/NetBeansProjects/ProyectoEXTRA/src/java/Servlet/cerrarsesionservlet.java</file>
            <file>file:/C:/Users/alesj/OneDrive/Documentos/NetBeansProjects/ProyectoEXTRA/web/registro.jsp</file>
            <file>file:/C:/Users/alesj/OneDrive/Documentos/NetBeansProjects/ProyectoEXTRA/web/FormConec.jsp</file>
            <file>file:/C:/Users/alesj/OneDrive/Documentos/NetBeansProjects/ProyectoEXTRA/web/PaisesEnfer/Russia.jsp</file>
            <file>file:/C:/Users/alesj/OneDrive/Documentos/NetBeansProjects/ProyectoEXTRA/web/formulario.jsp</file>
            <file>file:/C:/Users/alesj/OneDrive/Documentos/NetBeansProjects/ProyectoEXTRA/web/menu.jsp</file>
            <file>file:/C:/Users/alesj/OneDrive/Documentos/NetBeansProjects/ProyectoEXTRA/web/PaisesEnfer/Mexico.jsp</file>
            <file>file:/C:/Users/alesj/OneDrive/Documentos/NetBeansProjects/ProyectoEXTRA/src/java/Servlet/iniciarsesion.java</file>
            <file>file:/C:/Users/alesj/OneDrive/Documentos/NetBeansProjects/ProyectoEXTRA/web/css/menu.css</file>
            <file>file:/C:/Users/alesj/OneDrive/Documentos/NetBeansProjects/ProyectoEXTRA/web/registroregistrado.jsp</file>
            <file>file:/C:/Users/alesj/OneDrive/Documentos/NetBeansProjects/ProyectoEXTRA/web/PaisesEnfer/Australia.jsp</file>
            <file>file:/C:/Users/alesj/OneDrive/Documentos/NetBeansProjects/ProyectoEXTRA/web/PaisesEnfer/Brasil.jsp</file>
            <file>file:/C:/Users/alesj/OneDrive/Documentos/NetBeansProjects/ProyectoEXTRA/web/index.jsp</file>
            <file>file:/C:/Users/alesj/OneDrive/Documentos/NetBeansProjects/ProyectoEXTRA/web/FormConecHIPER.jsp</file>
            <file>file:/C:/Users/alesj/OneDrive/Documentos/NetBeansProjects/ProyectoEXTRA/web/iniciosesionerror.jsp</file>
            <file>file:/C:/Users/alesj/OneDrive/Documentos/NetBeansProjects/ProyectoEXTRA/web/css/perfil.css</file>
            <file>file:/C:/Users/alesj/OneDrive/Documentos/NetBeansProjects/ProyectoEXTRA/web/PaisesEnfer/CoreaS.jsp</file>
            <file>file:/C:/Users/alesj/OneDrive/Documentos/NetBeansProjects/ProyectoEXTRA/web/formularioD.jsp</file>
            <file>file:/C:/Users/alesj/OneDrive/Documentos/NetBeansProjects/ProyectoEXTRA/web/resTests.jsp</file>
            <file>file:/C:/Users/alesj/OneDrive/Documentos/NetBeansProjects/ProyectoEXTRA/web/registroexitoso.jsp</file>
            <file>file:/C:/Users/alesj/OneDrive/Documentos/NetBeansProjects/ProyectoEXTRA/web/PaisesEnfer/Alemania.jsp</file>
            <file>file:/C:/Users/alesj/OneDrive/Documentos/NetBeansProjects/ProyectoEXTRA/web/WEB-INF/web.xml</file>
            <file>file:/C:/Users/alesj/OneDrive/Documentos/NetBeansProjects/ProyectoEXTRA/web/img/Spider.png</file>
            <file>file:/C:/Users/alesj/OneDrive/Documentos/NetBeansProjects/ProyectoEXTRA/web/PaisesEnfer/China.jsp</file>
            <file>file:/C:/Users/alesj/OneDrive/Documentos/NetBeansProjects/ProyectoEXTRA/src/java/Servlet/registrarusuarios.java</file>
            <file>file:/C:/Users/alesj/OneDrive/Documentos/NetBeansProjects/ProyectoEXTRA/web/PaisesEnfer/EUA.jsp</file>
            <file>file:/C:/Users/alesj/OneDrive/Documentos/NetBeansProjects/ProyectoEXTRA/web/resTestsD.jsp</file>
            <file>file:/C:/Users/alesj/OneDrive/Documentos/NetBeansProjects/ProyectoEXTRA/web/formularioHIPER.jsp</file>
            <file>file:/C:/Users/alesj/OneDrive/Documentos/NetBeansProjects/ProyectoEXTRA/web/PaisesEnfer/Canada.jsp</file>
            <file>file:/C:/Users/alesj/OneDrive/Documentos/NetBeansProjects/ProyectoEXTRA/web/PaisesEnfer/js/instrucciones.js</file>
            <file>file:/C:/Users/alesj/OneDrive/Documentos/NetBeansProjects/ProyectoEXTRA/src/java/Controlador/consultas.java</file>
        </group>
    </open-files>
</project-private>
